id,first_name,last_name,email,gender,ip_address
1,Skipton,Mattiacci,smattiacci0@berkeley.edu,Male,196.4.235.14
2,Keith,Rosenfelder,krosenfelder1@icq.com,Male,26.145.67.148
3,Helaina,Ind,hind2@japanpost.jp,Female,32.201.244.49
4,Joelly,Milesap,jmilesap3@dot.gov,Female,74.199.54.89
5,Portie,MacCoughan,pmaccoughan4@mapquest.com,Male,61.150.82.117
6,Fletcher,Reynold,freynold5@blogs.com,Male,254.202.181.187
7,Arnaldo,Batch,abatch6@umich.edu,Male,137.231.46.255
8,Galven,Turban,gturban7@google.es,Male,180.52.139.226
9,Cele,La Vigne,clavigne8@house.gov,Female,125.202.213.224
10,Sherwin,Lydall,slydall9@eventbrite.com,Male,9.153.155.182
11,Liz,Linthead,llintheada@skyrock.com,Female,232.213.9.139